{
  "model": "Gravitational Resonance Heating",
  "core_equation": "Q_g = \u222b (\u2202t R(C) + \u0393 H) dV",
  "variables": {
    "R(C)": "Time-varying curvature",
    "\u0393": "Connection coefficients (curvature gradient interface)",
    "H": "Harmonic stress-energy tensor"
  },
  "validation_modes": [
    "forward_simulation",
    "backward_energy_estimation",
    "tensor_resonance_stability"
  ],
  "sim_target": [
    "Earth",
    "Venus",
    "Mars"
  ],
  "expected_result": "Additional 15\u201345% unexplained geothermal output resolved"
}